listener_id,listener_name
ID00000000000000000001,Alice Johnson
ID00000000000000000002,Bob Smith
ID00000000000000000003,Carol Davis
ID00000000000000000004,David Miller
ID00000000000000000005,Emma Wilson
ID00000000000000000006,Frank Moore
ID00000000000000000007,Grace Taylor
ID00000000000000000008,Henry Anderson
ID00000000000000000009,Irene Thomas
ID00000000000000000010,Jack Jackson
ID00000000000000000011,Karen White
ID00000000000000000012,Liam Harris
ID00000000000000000013,Mia Martin
ID00000000000000000014,Noah Thompson
ID00000000000000000015,Olivia Garcia
ID00000000000000000016,Paul Martinez
ID00000000000000000017,Quinn Robinson
ID00000000000000000018,Ryan Clark
ID00000000000000000019,Sophia Rodriguez
ID00000000000000000020,Tyler Lewis
ID00000000000000000021,Ava Lee
ID00000000000000000022,Blake Walker
ID00000000000000000023,Chloe Hall
ID00000000000000000024,Dylan Allen
ID00000000000000000025,Ella Young
ID00000000000000000026,Finn Hernandez
ID00000000000000000027,Gianna King
ID00000000000000000028,Hudson Wright
ID00000000000000000029,Isla Lopez
ID00000000000000000030,James Hill
ID00000000000000000031,Kylie Scott
ID00000000000000000032,Logan Green
ID00000000000000000033,Maya Adams
ID00000000000000000034,Nolan Baker
ID00000000000000000035,Owen Nelson
ID00000000000000000036,Piper Carter
ID00000000000000000037,Quinn Mitchell
ID00000000000000000038,Riley Perez
ID00000000000000000039,Stella Roberts
ID00000000000000000040,Theo Turner
ID00000000000000000041,Violet Phillips
ID00000000000000000042,Wyatt Campbell
ID00000000000000000043,Zara Parker
ID00000000000000000044,Adrian Evans
ID00000000000000000045,Bella Edwards
ID00000000000000000046,Caleb Collins
ID00000000000000000047,Daisy Stewart
ID00000000000000000048,Ethan Sanchez
ID00000000000000000049,Faith Morris
ID00000000000000000050,Gavin Rogers
ID00000000000000000051,Hazel Reed
ID00000000000000000052,Isaac Cook
ID00000000000000000053,Julia Morgan
ID00000000000000000054,Kai Bell
ID00000000000000000055,Leah Murphy
ID00000000000000000056,Miles Bailey
ID00000000000000000057,Nora Rivera
ID00000000000000000058,Oscar Cooper
ID00000000000000000059,Paige Richardson
ID00000000000000000060,Reed Cox
ID00000000000000000061,Sadie Howard
ID00000000000000000062,Tate Ward
ID00000000000000000063,Uma Hughes
ID00000000000000000064,Victor Foster
ID00000000000000000065,Willow Butler
ID00000000000000000066,Xander Simmons
ID00000000000000000067,Yara Bryant
ID00000000000000000068,Zane Alexander
ID00000000000000000069,Amber Russell
ID00000000000000000070,Brandon Griffin
ID00000000000000000071,Callie Diaz
ID00000000000000000072,Derek Hayes
ID00000000000000000073,Elise Myers
ID00000000000000000074,Felix Ford
ID00000000000000000075,Gemma Hamilton
ID00000000000000000076,Hayden Graham
ID00000000000000000077,Ivy Sullivan
ID00000000000000000078,Jonas Wallace
ID00000000000000000079,Kendall Woods
ID00000000000000000080,Luca Cole
ID00000000000000000081,Mila West
ID00000000000000000082,Nico Stone
ID00000000000000000083,Opal Warren
ID00000000000000000084,Peter Wheeler
ID00000000000000000085,Remy Chapman
ID00000000000000000086,Sage Garrett
ID00000000000000000087,Troy Matthews
ID00000000000000000088,Una Stephens
ID00000000000000000089,Vera Snyder
ID00000000000000000090,Wade Burns
ID00000000000000000091,Ximena Gordon
ID00000000000000000092,Yusuf Shaw
ID00000000000000000093,Zuri Rose
ID00000000000000000094,Arthur Kim
ID00000000000000000095,Brooke Larson
ID00000000000000000096,Carter Brewer
ID00000000000000000097,Daphne Payne
ID00000000000000000098,Elliot Holland
ID00000000000000000099,Fiona Porter
ID00000000000000000100,Graham Newman
ID00000000000000000101,Harper Bishop
ID00000000000000000102,Ian Fuller
ID00000000000000000103,Josie Hoffman
ID00000000000000000104,Karter Lowe
ID00000000000000000105,Lila Riley
ID00000000000000000106,Mason Hopkins
ID00000000000000000107,Naomi Hart
ID00000000000000000108,Oliver Pratt
ID00000000000000000109,Penelope Cross
ID00000000000000000110,Quentin Page
ID00000000000000000111,Rosie Barrett
ID00000000000000000112,Sawyer Walsh
ID00000000000000000113,Tessa Paul
ID00000000000000000114,Ulysses Briggs
ID00000000000000000115,Valentina Barber
ID00000000000000000116,Weston Hardy
ID00000000000000000117,Xenia Potter
ID00000000000000000118,Yosef Dean
ID00000000000000000119,Zayden Holt
ID00000000000000000120,April Lambert
ID00000000000000000121,Bennett Ramsey
ID00000000000000000122,Camille Fleming
ID00000000000000000123,Damian Kirby
ID00000000000000000124,Esme Maxwell
ID00000000000000000125,Fabian Bowen
ID00000000000000000126,Greta Kane
ID00000000000000000127,Hector Brady
ID00000000000000000128,Indie Norris
ID00000000000000000129,Jasper Doyle
ID00000000000000000130,Keira Savage
ID00000000000000000131,Leon Boyd
ID00000000000000000132,Marley Vaughn
ID00000000000000000133,Nolan Abbott
ID00000000000000000134,Orla McCoy
ID00000000000000000135,Pierce Fields
ID00000000000000000136,Quinn Doyle
ID00000000000000000137,Rowan Shepherd
ID00000000000000000138,Sienna Briggs
ID00000000000000000139,Trevor Madden
ID00000000000000000140,Ulises Moran
ID00000000000000000141,Vanessa Keith
ID00000000000000000142,Winston Barber
ID00000000000000000143,Xiomara Blake
ID00000000000000000144,Yvonne Pratt
ID00000000000000000145,Zander Flynn
ID00000000000000000146,Amelia Rhodes
ID00000000000000000147,Bryson Tate
ID00000000000000000148,Clara Estes
ID00000000000000000149,Damon Pratt
ID00000000000000000150,Eliana Hoover
ID00000000000000000151,Finley McBride
ID00000000000000000152,Giselle Curtis
ID00000000000000000153,Holden McCarthy
ID00000000000000000154,India Patrick
ID00000000000000000155,Jonah McKnight
ID00000000000000000156,Kara Daniels
ID00000000000000000157,Landon Reese
ID00000000000000000158,Madeline Craig
ID00000000000000000159,Nico Vaughn
ID00000000000000000160,Owen Barrett
ID00000000000000000161,Piper Franklin
ID00000000000000000162,Quentin Sloan
ID00000000000000000163,Rafael Archer
ID00000000000000000164,Selena Pitts
ID00000000000000000165,Tyson York
ID00000000000000000166,Ursula Doyle
ID00000000000000000167,Vivian Steele
ID00000000000000000168,Wesley Pratt
ID00000000000000000169,Xander Boyd
ID00000000000000000170,Yael Dalton
ID00000000000000000171,Zeke Ingram
ID00000000000000000172,Aiden Blake
ID00000000000000000173,Bianca Moran
ID00000000000000000174,Colin Pratt
ID00000000000000000175,Delilah Swanson
ID00000000000000000176,Elias Todd
ID00000000000000000177,Felicity Monroe
ID00000000000000000178,Gideon Chavez
ID00000000000000000179,Holly Reese
ID00000000000000000180,Ivan Russo
ID00000000000000000181,Juliette Tate
ID00000000000000000182,Kian Mercer
ID00000000000000000183,Laurel Banks
ID00000000000000000184,Mateo Silva
ID00000000000000000185,Norah Quinn
ID00000000000000000186,Otto Briggs
ID00000000000000000187,Phoebe Lang
ID00000000000000000188,Quincy Rhodes
ID00000000000000000189,Rylan Tate
ID00000000000000000190,Simone Barrett
ID00000000000000000191,Tristan Cole
ID00000000000000000192,Uma Nixon
ID00000000000000000193,Victor James
ID00000000000000000194,Winnie Blake
ID00000000000000000195,Xander Cruz
ID00000000000000000196,Yasmine Ford
ID00000000000000000197,Zachary Webb
ID00000000000000000198,Adele Pierce
ID00000000000000000199,Byron Knight
ID00000000000000000200,Celeste Moore
